Codigo;Autores;Titulo;Año;Programa
T-M-218;CALDERON LAFUENTE, Mirtha Viviana;Propuesta de administración financiera del capital de trabajo para una empresa de jugos naturales;2010;Magister en Finanzas Corporativas. Mención Gestión Financiera
T-M-220;JORDAN SANCHEZ, Juan José;Informe de simulación de finanzas empresariales área: gerencia general empresa: Opal Stone;2011;Magister en Finanzas Corporativas. Mención Gestión Financiera
T-M-163;GARCIA HINOJOSA, Claudia Eliana;Formulación de un modelo de diversificación financiera para organizaciones no gubernamentales de Bolivia;2009;Magister en Finanzas Corporativas. Mención: Gestión Financiera
T-M-165;MENA MENA, Nelson Bismark;Modelo de planeación financiera aplicado a la gestión económica - financiera en la escuela universitaria de posgrado de la Univesidad Mayor de San Simón;2009;Magister en Finanzas Corporativas. Mención: Gestión Financiera
T-M-166;URQUIDI HINOJOSA, Edward;Planificación financiera para una empresa de viguetas de hormigón ABC SRL;2009;Magister en Finanzas Corporativas. Mención: Gestión Financiera
T-M-180;LLANOS MENDIETA, Giancarla Ingrid;Propuesta de titulación de la cartera de créditos de vivienda del Banco Nacional de Bolivia;2009;Magister en Finanzas Corporativas. Mención: Gestión Financiera
T-M-186;ALVAREZ IPORRE, Daniela Edith;Análisis de la rentabilidad en la apertura de una ruta comercial para una linea aérea;2009;Magister en Finanzas Corporativas. Mención: Gestión Financiera
T-M-201;CASTRO PEÑARRIETA, José Antonio;Informe de simulación de finanzas empresariales. Area: Gerencia general. Empresa Dragon FLY;2010;Magister en Finanzas Corporativas. Mención: Gestión Financiera
T-M-202;MARTINEZ LEAÑOS, Carmen;Planificación financiera para la empresa de ladrillos refractarios ABC SRL;2010;Magister en Finanzas Corporativas. Mención: Gestión Financiera
T-M-203;MONTAÑO FERNANDEZ, Ivia Aidee;Informe del taller simulación de finanzas empresariales. Area: gerencia de abastecimiento y logística. Empresa: Opal Stone;2010;Magister en Finanzas Corporativas. Mención: Gestión Financiera
T-M-204;GONZALES TORREZ, Carolina;Informe del taller simulación de finanzas empresariales. Area: gerencia de producción y RRHH. Empresa: Dragon FLY;2010;Magister en Finanzas Corporativas. Mención: Gestión Financiera
T-M-205;OLIVERA ESPINOZA, Nelson;Informe de taller de simulación de finanzas empresariales. Area: gerencia de abastecimiento y logística. Empresa Full Jeans S.A.;2010;Magister en Finanzas Corporativas. Mención: Gestión Financiera
T-M-206;CORDOVA VALENCIA, Iván Jhonny;Análisis del sistema de información financiera de costos para la toma de decisiones gerenciales en empresas de servicios petroleros. Caso Expansión Gaa lazos loop pongo kohani, realizado por la empresa IST Ltda.;2010;Magister en Finanzas Corporativas. Mención: Gestión Financiera
T-M-207;MERUVIA MALDONADO, Ivana Mariela;Informe del taller de simulación de finanazas empresariales. Area: Gerencia administrativa financiera. Empresa: Opal Stone;2010;Magister en Finanzas Corporativas. Mención: Gestión Financiera
T-M-164;ZAMBRANA VALENCIA, Alfredo;Diseño de un sistema de gestión integral de riesgos para la mutual de ahorro y préstamo La Promotora;2009;Magister en Finanzas Corporativas. Mención: Inversión Bursatil
T-M-179;ROCHA ESCOBAR, Juan Oscar;Titulación de la cartera hipotecaria de Mutual de la Promotora, como mecanismo alternativo de financiamiento;2009;Magister en Finanzas Corporativas. Mención: Inversión Bursatil
T-M-157;LARA TERAN, Edgar Mauricio;Modelo de evaluación del impacto financiero de una campaña de marketing en Boliviatel;2009;Magister en Gestión Empresarial
T-M-176;LIMA HUARACHI, Ramiro;Sistema de gestión estratégica de la dirección de la Escuela Universitaria de Posgrado de la UMSS en base a las herramientas de la planificación estratégica y del cuadro de mando integral;2009;Magister en Gestión Empresarial
T-M-177;CANO PRADO, José Daniel;Valoración económica de la fundación para la feria internacional de Cochabamba Bolivia - FEICOBOL;2009;Magister en Gestión Empresarial
T-M-189;MONTAÑO MERINO, Mauricio Alfredo;Planificación estratégica aplicada a la empresa Calatel PNG Limiated;2010;Magister en Gestión Empresarial
T-M-196;GARRON DAZA, Mauricio Enrique;Propuesta de un nuevo modelo de negocio en el sector de la construcción;2010;Magister en Gestión Empresarial
T-M-199;SOZA CLAROS, Patricia Teresa;Plan estratégico de marketing en la empresa agropecuaria universitaria (EAU) para posicionar sus productos lácteos en el mercado regional;2010;Magister en Gestión Empresarial
T-M-213;GUARDIA POZO, Tatiana;Informe de simulación de negocios. Area gerencia de marketing y ventas. Empresa Eternity  Jeans;2010;Magister en Gestión Empresarial
T-M-214;PATIÑO POZO, Ronald José;Informe de simulación de negocios. Area gerencia de abastecimiento y logística. Empresa Eternity  Jeans;2010;Magister en Gestión Empresarial
T-M-215;REYNOLDS MEJIA, Luís Alberto;Percepciones y preferencias del consumidor de palmito fresco. Caso: Unión de Asociaciones de productores de plantines y palmito;2010;Magister en Gestión Empresarial
T-M-216;ALMEIDA CARDONA, Rodrigo;Informe del taller de simulación de negocios. Area gerencia general empresa Eternaty Jeans;2010;Magister en Gestión Empresarial
T-M-231;ARIAS MORALES, Jorge;Informe del taller de simulación de negocios empresa Eternity jeans área: gerencia de estrategia empresarial;2011;Magister en Gestión Empresarial
T-M-233;NASSAF TORREZ, Carolina;Propuesta de un sistema de evaluación del desempeño laboral en el centro de educación integral Consipe;2011;Magister en Gestión Empresarial
T-M-167;MONTAÑO VARGAS, Hugo;Planificación financiera para una empresa de jeans;2009;Magister en Gestión Empresarial. Mención Gestión Financiera
T-M-168;PEÑALOZA PALOMEQUE, Marina K.;Administración del capital de trabajo para una empresa de infusiones orgánicas;2009;Magister en Gestión Empresarial. Mención Gestión Financiera
T-M-193;GUTIERREZ AGUILAR, Elid Fidelia;Planificación estratégica financiera de la caja petrolera de salud Cochabamba;2010;Magister en Gestión Empresarial. Mención Gestión Financiera
T-M-194;PEREDO PAZ, Marcelo;Gestión de crédito en las empresas comerciales de cosméticos;2010;Magister en Gestión Empresarial. Mención Gestión Financiera
T-M-195;GOMEZ PEREDO, Rosmery Bernarda;Análisis de los factores que determinan la reubicación de una planta industrial de minerales no metálicos caso San Onofre Ltda.;2010;Magister en Gestión Empresarial. Mención Gestión Financiera
T-M-154;VARGAS AGUILAR, Christian Gonzalo;"Gerenciamiento de optimización de ingresos en la empresa de transporte terrestre de carga y pasajeros ""Flora Bolivar""";2009;Magister en Gestión Empresarial. Mención: Gestión Financiera
T-M-155;SALAMANCA CARDONA, Renato;Análisis de la rentabilidad del mercado de los créditos de consumo de la ciudad de Cochabamba;2009;Magister en Gestión Empresarial. Mención: Gestión Financiera
T-M-178;SORIA CALDERA, Ana Lucila;Propuesta de optimización de los procesos para la emisión de información económica financiera de la Prefectura del departamento de Cochabamba;2009;Magister en Gestión Empresarial. Mención: Gestión Financiera
T-M-212;JUAREZ GARCIA, Jacqueline Ivonne;Gestión integral de riesgos para entidades microfinancieras;2010;Magister en Gestión Empresarial. Mención: Gestión Financiera
T-M-232;VILLEGAS BLANCO, José Gonzalo;Modelo de gestión estratégica y por procesos de recursos humanos (caso Comteco Ltda.);2011;Magister en Gestión Estratégica de Organizaciones. Mención Recursos Humanos
T-M-173;ROCABADO ALANEZ, Juan Marcelo;Diseño de un plan de marketing político para la empresa de luz y fuerza electrica Cochabamba ELFEC S.A.;2009;Magister en Gestión Estratégica de Organizaciones. Mención: Gestión de Marketing
T-M-174;ANGULO SARABIA, Jacqueline;Sistema de gestión estrategica basada en el cuadro de mando integral - gerencia de servicio al cliente de Semapa;2009;Magister en Gestión Estratégica de Organizaciones. Mención: Gestión de Marketing
T-M-175;MERCADO PAREDES, Shirley;Plan de marketing para calzados de seguridad caso: empresa Ciensa Ltda.;2009;Magister en Gestión Estratégica de Organizaciones. Mención: Gestión de Marketing
T-M-153;LAYME HUARCA, Marina Magdalena;Modelo de planificación estratégica participativa del sistema educativo de la Iglesia;2009;Magister en Gestión Estratégica de Organizaciones. Mención: Gestión de Recursos Humanos
T-M-145;ANDIA ZAPATA, Amparo;Propuesta de controles internos tributarios para los procesos de determinación y liquidación impositiva y la elaboración de la I.T.C. mediante el sistema contable tango;2009;Magister en Gestión Tributaria
T-M-169;MONTAÑO TERRAZAS, Roberto;Propuestas de proyecto de ley de tasas académicas;2009;Magister en Gestión Tributaria
T-M-170;MURILLO CASANOVAS, Claudia;Efectos de las fluctuaciones y cambios internos de la economía en la estructura tributaria boliviana: una estimación econométrica por sistemas de ecuaciónes simultáneas;2009;Magister en Gestión Tributaria
T-M-171;VILLARROEL CABRERA, José Alex;Análisis de la aplicación de las normas tributarias relacionadas con el impuesto a la propiedad de bienes en el gobierno municipal de Cochabamba;2009;Magister en Gestión Tributaria
T-M-192;AYALA ZELADA, Jorge;Adecuación normativa para la aplicación armónica de nuevas alicuotas tributarias a la información;2010;Magister en Gestión Tributaria
T-M-210;ZUBIETA VEGA, Grety;<La> evasión del comercio electrónico en Cochabamba - Bolivia;2010;Magister en Gestión Tributaria
T-M-225;VEIZAGA OVANDO, Alain;Evaluación de la exención del impuesto a las utilidades de las empresas a las instituciones de educación superior privada;2011;Magister en Gestión Tributaria
T-M-184;PEDRAZAS ROMERO, Adolfo;<El> desarrollo económico rural en el marco de las leyes de participación popular y diálogo nacional 2000, en el municipio de Pasorapa;2009;Magister en Gestión del Desarrollo Rural
T-M-190;ARRATIA JIMENEZ, Orlando David;Significación de la fotografía en el marco de la gestión del conocimiento local. Tics para la gestión del desarrollo rural;2010;Magister en Gestión del Desarrollo Rural
T-M-200;PEDRAZAS ROMERO, Cesar;Gestión comunitaria de recursos naturales, estudio de caso del CONISUR/TIPNIS;2010;Magister en Gestión del Desarrollo Rural
T-M-223;SORUCO SOLIZ, Roberto Elias;Modelos de optimización dinámica para la toma de decisiones en la gestión empresarial;2011;Magister en Gestión empresarial
T-M-222;ALANES SORIA, Carlos Rolando;"Diseño de una herramienta de gestión para la empresa serigráfica ""Seribol""";2010;Magister en Gestión empresarial, mención en gestión financiera
T-M-234;ARGANDOÑA VARGAS, Edwin Marcelo;Administración del capital de trabajo en la empresa confecciones Cochabamba;2011;Magister en Gestión Finanzas Corporativas. Mención: Gestión Financiera
T-M-235;BLANCO ALVAREZ, Mijail Ivan;Diseño de un sistema de control de costos y gestión estratégica en la panificadora Cochabamba;2011;Magister en Gestión Empresarial
T-M-236;CUIZA BARRENECHEA, Félix Antonio;Control de gestión del área productiva en la pequeña y mediana empresa para mejorar la capacidad de competir;2012;Magister en Gestión Empresarial. Mención: Gestión Industrial
T-M-237;DE LA FUENTE D., Juan Sebastian;Informe de simulación de finanzas empresariales. Area: gerencia general empresa: Full Jeans;2011;Magister en Finanzas Corporativas. Mención: Gestión Financiera
T-M-238;DE LA ZERDA ERGUETA, Erika Alfonsina;Informe de taller de simulación de negocios. Area: gerencia de abastecimiento y logística. Empresa: Orange;2012;Magister en Gestión Estratégica de Organizaciones. Mención: Recursos Humanos
T-M-239;FERNANDEZ PEDRAZAS, Tania Y.;Cuadro de mando integral para el control de gestión financieros y no financieros en la caja petrolera de salud;2011;Magister en Gestión Empresarial. Mención Gestión Financiera
T-M-240;FLORES FARFAN, Rocío;Informe del taller de simulación de negocios. Area: gerencia general empresa: Ocean Jeans;2011;Magister en Gestión Empresarial
T-M-241;GONZALES MOLINA, Daniel;Modelo de presupuesto de capital aplicado a plantas de generación de energía eléctrica;2011;Magister en Gestión Empresarial
T-M-242;LOPEZ LEDEZMA, Wilson Franz;Plan de mejora de la gestión estratégica del departamento de almacén de la refinería Gualberto Villarroel;2011;Magister en Gestión Empresarial
T-M-243;MOLINA CRESPO, Heidy Minerva;Estrategias para mejorar la calidad del servicio al ciudadano en la honorable alcaldía municipal de Cochabamba - Comuna Tunari;2011;Magister en Gestión Estratégica de Organizaciones
T-M-244;ORDOÑEZ APALA, Tania;Modelo de valoración patrimonial de empresas caso Curtiembre América;2012;Magister en Finanzas Corporativas. Mención Gestión Financiera
T-M-245;PEREZ ESPINOZA, Riverhy Edwin;Informe de simulación de negocios. Area: gerencia general. Empresa: Jeans OK;2011;Magister en Gestión Estratégica de Organizaciones. Mención Recursos Humanos
T-M-246;PEREZ VILLARROEL, Abner Marco;Perfil del consumidor de telefonía móvil en Cochabamba;2011;Magister en Gestión Estratégica de Organizaciones
T-M-247;PEREZ VILLARROEL, Gerson Abdiel;Informe del taller de simulación de finanzas empresariales. Area: gerencia general. Empresa: Wear Jeans;2012;Magister en Finanzas Corporativas. Mención: Inversión Bursatil
T-M-248;ROCABADO VARGAS, Ylee Margot;Diseño de la gestión del capital humano por competencias para la ONG proyecto de desarrollo área Viloma del municipio Sipe Sipe;2012;Magister en Gestión Estratégica de Organizaciones. Mención Recursos Humanos
T-M-249;VILLARROEL RIVAS, Alexandra;Optimización de los procesos de aprovisionamiento e inventario desde teorías de SCM;2012;Magister en Gestión Empresarial
T-M-250;AYALA FELIX, Fernando Javier;Desarrollo de estrategias de posicionamiento caso: producto quinua;2012;Magister en Gestión Empresarial
T-M-251;ANGULO RODRIGUEZ, Janeth;Políticas y procedimientos para la gestión de bancos comunales;2012;Magister en Gestión Empresarial
T-M-252;CASTRO TORRICO, Liliana;Informe de simulación de negocios área: gerencia de logística y abastecimiento empresa: Ocean Jeans;2012;Magister en Gestión Empresarial
T-M-253;DORADO PONCE DE LEON, Cesar Alejandro;Informe de simulación de negocios área: gerencia general empresa: empresa orange;2011;Magister en Gestión Estratégica de Organizaciones. Mención: Recursos Humanos
T-M-254;MERCADO TABORGA, Jackeline Marcela;Planeación de ventas y operaciones para sincronizar la oferta y la demanda en Cordill S.A.;2012;Magister en Gestión Empresarial
T-M-255;GARCIA AROZQUETA, Oscar;Informe de simulación de negocios área: gerencia de producción, empresa: orange jeans;2012;Magister en Gestión Estratégica de Organizaciones
T-M-256;MARTINEZ CACERES, Henry;Informe de simulación de negocios área: gerencia de ventas, empresa: orange jeans;2012;Magister en Gestión Estratégica de Organizaciones, Mención Marketing
T-M-257;QUIROZ ARDAYA, Edward;Plan de negocios orientado a un mercado diferenciado para la asociación de recolectores de cacao silvestre del consejo indígena yuracaré;2012;Magister en Agronegocios y Comercio Agroalimentario
T-M-258;BURGOA ROMERO, Marisol;Informe del taller simulación de comercio exterior área: gerencia general, empresa: Chic;2012;Magister en Comercio Exterior y Aduanas
T-M-259;TOMSICH VLAHOVIC, Ana Cristina;Informe del taller simulación de negocios área: gerencia de ventas, empresa: Chic;2013;Magister en Comercio Exterior y Aduanas
T-M-260;BUSTOS VALLE, Miguel Jorge;Informe del taller simulación de negocios. Area: gerencia de marketing. Empresa: Chic;2012;Magister en Comercio Exterior y Aduanas
T-M-261;GOMEZ QUISPE, Grover Ivan;Informe del taller simulación de comerico exterior. Area: gerencia de producción. Empresa: Chic;2012;Magister en Comercio Exterior y Aduanas
T-M-262;ZEBALLOS RICO, Fabiola Alejandra;Informe del taller simulación de negocios. Area: gerencia de marketing y ventas. Empresa: Blue jeans;2012;Magister en Gestión Empresarial
T-M-263;GUTIERREZ BRACAMONTE, Danitza;Informe del taller simulación de negocios. Area: gerencia estratégica. Empresa: Ego jeans;2012;Magister en Gestión Empresarial
T-M-264;LA FUENTE CARDONA, Sonia Daniela;Marketing relacional  en la industria farmacéutica de la ciudad de Cochabamba;2012;Magister en Gestión Empresarial
T-M-265;SOLIS VIA, Alejandra Fabiola;Informe de simulación de negocios. Area: gerencia de marketing. Empresa: orange jeans;2013;Magister en Gestión Empresarial
T-M-266;ROMERO ARNEZ, Cesar;Análisis y proyecciones financieras de gastos de operación para la empresa avícola Santa Rita;2001;Magister en Gestión y administración de empresas
T-M-267;MENDIZABAL VEGA, Victor H.;Enseñanza de la contabilidad para su aplicación en negocios globalizados de la actualidad empresarial;2002;Magister en Educación Superior para Ciencias Económicas
T-M-271;LEDEZMA ZEBALLOS, Freddy;Modelo de planeación a corto plazo para una industria de envases metálicos;2013;Magister en Finanzas Corporativas. Mención: Gestión Financiera
T-M-272;FLORES INTURIAS, Gilmar;Diseño de estrategias para promover la competitividad de la cadena productiva del banano en el trópico de Cochabamba, su influencia en los factores socioeconómicos ambientales;2013;Magister en Agronegocios y Comercio Agrolimentario
T-M-273;ALARCON PAREDES, Helen;Diseño de una propuesta de administración financiera del capital de trabajo para la empresa Campo Verde S.R.L.;2012;Magister en Finanzas Corporativas con mención en gestión financiera
T-M-274;LAURA SANDOVAL, Telma;Propuesta de instauración de un tribunal fiscal y de implementación del proceso contencioso - tributario;2013;Magister en Gestión Tributaria. Informe de exploración investigativa e intervención.
T-M-275;GUTIERREZ ROA, Vanuza;Metodología dirigida a la elaboración de auditorías especiales para procesos de contrataciones en el sector público caso gobierno municipal de Pojo;2013;Magister en Auditoría integral. Informe de exploración investigativa e intervención.
T-M-276;TARQUINO MONTECINOS, Aracely;Cuadro de mano integral para la empresa avícola Rivera;2013;Magister en Gestión Empresarail. Informe de exploración investigativa e intervención.
T-M-277;CUENCA MENDOZA, Marcelo Raúl;Diseño del Sistema de Gestión de Calidad Basado en la Norma ISO 9001 para el Posgrado de la Facultad de Ciencias Económicas de la Universidad Mayor de San Simón;2013;Magister en Gestión Empresarial. Informe de tesis.
T-M-278;SEJAS POZO, Johnny;Optimización de la producción y costos en la cadena agroalimentaria del maní orgánico en la organización Aipe Río Caine;2013;Magister en Gestión Empresarial. Mención: Cadenas agroalimentarias. Trabajo de investigación.
T-M-279;RIOJA CARDENAS, Mymé Julieta;Informe del taller de simulación de finanzas empresariales. Area: gerencia general. Empresa: Leopard jeans;2013;Magister en Finanzas Corporativas. Mención: Gestión financiera. Informe de taller de simulación
T-M-280;ARZA SUHEIRO, Dunia;Informe de simulación de negocios. Area: gerencia financiera. Empresa: Like U jeans;2013;Magister en Gestión Estrategica de Organizaciones. Mención: Recursos humanos. Informe de simulación de negocios
T-M-281;LA FUENTE ROJAS, Carola;Informe de simulación de negocios. Area: gerencia marketing y ventas. Empresa: Like U jeans;2013;Magister en Gestión Estrategica de Organizaciones. Mención: Marketing. Informe de simulación de negocios
T-M-282;VILLEGAS CAMACHO, Karen Adriana;Propuesta de reglamento para determinaciones presuntivas a ingresos por servicios profesionales alcanzados por impuestos nacionales al valor agregado y a las transacciones;2013;Magister en Gestión Tributaria. Informe de exploración investigativa e intervención
T-M-290;BARRIENTOS, Ariel;Informe del taller simulación de negocios. Area: gerencia abastecimiento y logística. Empresa: Ta Play;2014;Magister en Gestión Empresarial
T-M-291;SEGOVIA GRAGEDA, Marcela Vania;Propuesta de sistema de gestión de personal y controles administrativos para el Club Social Cochabamba;2015;Magister en Gestión de Recursos Humanos. Informe de proyecto de grado
T-M-283;VARGAS OVANDO, Juan Carlos;Detección de burbujas especulativas en el sector inmobiliario del municipio de Cercado, del departamento de Cochabamba, 2002 - 2012;2014;Magister en Economia y Desarrollo. Trabajo de investigación
T-M-284;VARGAS VILLARREAL, Mariel Carmen;Plan de marketing para incrementar las ventas de productos Duralit en el mercado;2014;Magister en Gestion Empresarial. Informe de plan de marketing
T-M-285;ROCHA RAMALLO, Jazmín Andrea;Estrategia de posicionamiento para el amaranto en la ciudad de Cochabamba;2014;Magister en Gestión Estratégica de Organizaciones. Informe de exploración investigativa e intervención
T-M-285;ROCHA RAMALLO, Jazmín Andrea;Estrategia de posicionamiento para el amaranto en la ciudad de Cochabamba;2014;Magister en Gestión Estratégica de Organizaciones. Informe de exploración investigativa e intervención
T-M-286;CASSIS BARAHONA, Alexander;Informe de simulación de finanzas empresariales. Area: gerencia estratégica empresarial. Empresa: Wear jeans;2014;Magister en Finanzas Corporativas. Mención: Gestión financiera. Informe de simulación de negocios
T-M-287;URRUTIA ZELADA, Lizeth Stephanie;Informe de simulación de negocios. Area: gerencia  de finanzas. Empresa: El jean;2014;Magister en Comercio Exterior y Aduanas. Informe de simulación de negocios
T-M-288;CHAVEZ OCHOA, Vivian Shirley;Informe de simulación de finanzas empresariales. Area: gerencia de planificación. Empresa: Bluz;2014;Magister en Finanzas Corporativas. Mención: Gestión financiera. Informe de simulación de negocios
T-M-289;MENESES CORDOVA, Remberto Wilson;Informe de simulación de negocios. Area: gerencia  de producción. Empresa: To Play;2014;Magister en Gestión Empresarial. Informe de simulación de negocios
T-M-292;LUIZAGA PATIÑO, Bacilia Rosario;Espacios de poder: Género y gestión en la Universidad Mayor de San Simón;2015;Magister en Gestión Universitaria. Tesis
T-M-293;LIMPIAS AGUILERA, Carlos Alberto;Sistema de distribución interdepartamental en el eje troncal. Caso: empresa Maya Mac Lean  Casa S.R.L.;2015;Magister en Gestión Empresarial. Informe de exploración investigativa e intervención
T-M-294; PEÑARANDA VILLARROEL, Pahola Carla;Diseño de una herramienta para medir actitudes en el proceso de selección de personal;2014;Magister en Gestión Estratégica de Organizaciones Mención en Gestión de Recursos Humanos. Informe de exploración investigativa e intervención
T-M-295;SANCHEZ VELA, Edma;Diseño de un modelo de auditoría operativa aplicable a la unidad de mercadeo de la Cooperativa Abierta de Ahorro y Crédito Quillacollo Ltda.;2014;Magister en Auditoría Integral. Informe de exploración investigativa e intervención
T-M-296;TEJADA MOSCOSO, Inés Lucía;Remesas y crecimiento económico. (Un panorama global de 2000 a 2012);2015;Magister en Economía y Desarrollo. Informe de exploración investigativa
T-M-297;ALBA ORTUÑO, Verónica;Metodología cualitativa de diseño de políticas públicas para el sector agrícola de Cochabamba;2014;Magister en Economía y Desarrollo. Informe de Tesis
T-M-299;MEDRANO ZAPATA, Elizabeth;"Auditoría operativa para empresas avícolas que permita evaluar la eficacia, eficiencia y economía de las operaciones (Caso de estudio Empresa Avícola ""El Carmen"")";2015;Magister en Auditoría Integral. Tesis
T-M-298;NAVIA MENDOZA, Marcel;Determinantes del crecimiento económico;2015;Magister en Economía y Desarrollo. Informe de tesis
T-M-300;ARANIBAR RIVERO, Rodrigo;Determinación de los diferentes segmentos de clientes TIGO en base al nivel de fidelización;2015;Magister en Marketing. Informe de proyecto de grado
T-M-301;MAIDA GALINDO, Wendy Karla;Propuesta de endomarketing para el Centro Boliviano Americano;2015;Magister en Gestión Estratégica de Organizaciones. Informe de exploración investigativa e intervención
T-M-302;LAREDEO ARANCIBIA, Andrea Cristina;Informe del taller de simulación de negocios. Area: gerencia general. Empresa: Bojeans S.R.L.;2015;Magister en Comercio Exterior y Aduanas. Informe de taller de simulación
T-M-303;CORTEZ AMURRIO, Andrea;Informe de simulación de finanzas empresariales. Area: Gerencia de abastecimiento y logística. Empresa: Bluz jeans;2015;Magister en Finanzas Corporativas Mención: Gestión Financiera. Informe de taller de simulación
T-M-304;ROCHA LAFUENTE, Cecilia;Informe de simulación de finanzas empresariales. Area: gerencia de planificación estratégica. Empresa: Race jeans;2015;Magister en Finanzas Corporativas. Mención: Inversión Bursátil. Informe de taller de  simulación
T-M-305;ALFARO FLORES, Faviola;Modelo de gestión financiera caso: Embotelladora Agua Pura;2016;Magister en Finanzas Corporativas. Mención: Inversión Bursátil. Informe de exploración investigativa
T-M-306;TERAN PINO, Roberto Carlos;Inconstitucionalidad de la retroactividad administrativa en materia tributaria;2016;Magister en Gestión Tributaria. Tesis
T-M-307;CLAROS SORIA, Harold Arturo;Informe de simulación de negocios. Area: gerencia general. Empresa: Mithology jeans;2016;Magister en Gestión Estratégica. Mención:Recursos Humanos. Informe de taller de  simulación
T-M-308;CONDORI VILLCA, Yuguen;Análisis estratégico de exportación competitiva de la quinua real orgánica. Caso: comunidad de Mara Mara - Oruro;2016;Magister en Comercio Exterior y Aduanas. Informe de exploración invastigativa e intervención
T-M-309;SOZA CLAROS, Sandra Liliana;Plan estratégico financiero para MYPES del rubro de confección de jeans en la ciudad de Cochabamba;2016;Magister en Finanzas Corporativas. Informe de exploración investigativa e intervención
T-M-310;HURTADO LAIME, Carlos Alberto;"Estrategias de reposicionamiento para la empresa de servicios Industrial y Comercial Norte S.A. ""IC NORTE"" en la provincia Cercado de la ciudad de Cochabamba de la gestión 2016 a 2019";2016;Magister en Gestión Estratégica de Organizaciones. Informe de exploración investigativa e intervención
T-M-311;SALVATIERRA ALVARO, Mario Cidar;Informe de simulación de finanzas empresariales. Area: gerencia de finanzas. Empresa: Race jeans;2015;Magister en Finanzas Corporativas. Mención gestión financiera. Informe de taller de  simulación
T-M-312;ESCALERA GASPAR, Jhonny Marcelo;"Plan estrategico y financiero para la empresa ""Tamiva""";2016;Magister en Finanzas Corporativas. Informe de exploración investigativa e intervención
T-M-313;ARANIBAR ESPINOZA, Daniela;Informe de simulación de negocios. Area: gerencia de abastecimiento y logística. Empresa: Bojeans S.R.L.;2016;Magister en Comercio Exterior y Aduanas. Informe de taller de  simulación
T-M-314;MONTECINOS REVOLLO, José Alejandro;Metodología del Balanced Scorecard aplicada en organizaciones no lucrativas, para coadyuvar en su sostenibilidad económica de mediano y largo plazo;2016;Magister en Gestión de Proyectos. Informe de tesis
T-M-315;LIZARRAGA TERRAZAS, Roxana Carmen;Modelo de selección de talento humano por competencias para el punto de ventas en la corporación de farmacias FARMACORP, filial Cochabamba;2015;Magister en Gestión Estratégica de Organizaciones. Mención Recursos Humanos. Informe de tesis
T-M-316;RODRIGUEZ DEL VALLE, Josué Manuel;Propuesta: Marketing resonante como un nuevo enfoque organizacional para generar valor en 360°;2015;Magister en Gestión Estratégica de Organizaciones. Mención Marketing. Informe de tesis
T-M-317;MARQUEZ GONZALES, Julio Max;Propuesta normativa a efectos tributarios de la venta a plazos;2016;Magister en Gestión Tributaria. Informe de tesis
T-M-318;ZAMBRANA GOMEZ, Juan José;Informe del taller de simulación de negocios. Area: gerencia administrativa financiera. Empresa: Manufacturera pantalones Montana jeans;2016;Magister en Gestión Estratégica de Organizaciones. Mención en Gestión de Recirsos Humanos. Informe de taller de  simulación
T-M-319;GALLARDO GUTIERREZ, Daniela;<EL> efecto del impuesto al valor agregado (IVA) a operaciones no objeto del impuesto al valor agregado (IVA) en venta de bienes inmuebles;2017;Magister en Gestión Tributaria. Informe de exploración investigativa e intervención
T-M-320;MALDONADO ESCALERA, Rolando;Propuesta de una alícuota diferencial en el impuesto al valor agregado, para la leche fluida como bien de primera necesidad;2017;Magister en Gestión Tributaria. Informe de Tesis
T-M-321;ROJAS SALAZAR, Mildrett Carol;Metodología para la incorporación de la gestión de riesgo en la evaluación de créditos para proyectos de inversión en el sector lechero del departamento de Cochabamba;2017;Magister en Gestión de Proyectos. Informe de exploración investigativa e intervención
T-M-322;GOMEZ VARGAS, Nelson Emilio;Análisis de los proyectos productivos financiados por el FDPPIOYCC y su incidencia económica en las comunidades Indígenas del Trópico de Cochabamba;2017;Magister en Gestión de Proyectos. Informe de tesis
T-M-323;ZEBALLOS ALARCON, Brenely Arlen;Plan de exportación de la carne de pollo al Perú, para la empresa Pio Rico regional Santa Cruz;2016;Magister en Comercio Exterior y Aduanas. Informe de tesis
T-M-324;SEJAS VISCARRA, Sandra;Estructura y análisis de la cartera óptima para CIBRE IPD: Una aplicación de la teoría de portafolios y el modelo de treynorblack;2017;Magister en Finanzas Corporativas. Informe de exploración investigativa e intervención
T-M-325;BELTRAN VIVADO, Fernando Manuel;"Modelo de valoración económica para la empresa Centro Eco Turístico  ""Viva Vinto"" de la ciudad de Cochabamba";2017;Magister en Gestión Empresarial. Informe de tesis
T-M-326;LAIME SANDY, Miguel Efrain;Factores de corrección de precios de mercado para la estimación en los sectores de lácteos y textiles;2018;Magister en Gestión de Proyectos. Informe de Tesis
T-M-327;SANCHEZ SUBIETA, Julia Bettina;Estudio de la incorporación de la fase de sensibilización para el empoderamiento del proyecto en las etapas de preinversión y ejecución de acciones de desarrollo;2017;Magister en Gestión de Proyectos. Informe de Tesis
T-M-328;FLORES MONTAÑO, Milton;Estudio de la gestión del plan departamental de seguridad ciudadana 2012 - 2016, cado municipio de Cochabamba;2016;Magister en Gestión de Proyectos. Informe de tesis
T-M-329;COCA CLAURE, Roxana;Sistema de motivación y liderazgo para mejorar el clima laboral y atención al cliente en el área de ventas indirectas de Entel S.A.;2017;Magister en Gestión de Recursos Humanos. Informe de exploración investigativa e intervención
T-M-330;ANTEZANA CONDORI, Elizabeth;"Valoración económica de la empresa ""Boliviana de Aviación - BoA""";2017;Magister en Finanzas Corporativas. Informe de tesis
T-M-331;VILLEGAS COLQUE, Romer;Plan estratégico financiero para captar recursos económicos dirigidos a proyectos de salud y educación en el Gobierno Autónomo Municipal de Quillacollo;2018;Magister en Finanzas Corporativas. Informe de Exploración Investigativa e Intervención
T-M-332;VEGA FERNANDEZ, Diego;Diagnóstico financiero y determinación de la estructura óptima de capital para la empresa comercial Moto sport S.R.L.;2018;Magister en Finanzas Corporativas. Informe de Exploración Investigativa e Intervención
T-M-333;SANCHEZ SOTO, Heber Wilson;Propuesta de un impuesto ambiental a la contaminación de los ingenios mineros en el radio urbano de Potosí;2018;Magister en Gestión Tributaria. Tesis
T-M-334;ZAPATA SOLIZ, Gabriela Lorena;Informe de simulación de negocios. Area: gerencia financiera. Empresa: Pump it jeans S.R.L.;2018;Magister en Gestión Empresarial. Informe de Taller de Simulación
T-M-335;AVILES CADIMA, Amilkar;Proceso de reclutamiento, selección e inducción de personal basado en competencias para el departamento de personal administrativo de Universidad Mayor de San Simón;2018;Magister en Gestión de Recursos Humanos. Informe de Exploración Investigativa e Intervención
T-M-336;ANCE IBARRA, María Susana;Administración de capital de trabajo en micro y pequeñas empresas de confección de prendas de vestir en la ciudad de Cochabamba;2018;Magister en Finanzas Corporativas. Tesis
T-M-337;VARGAS TENORIO, Willy Maximiliano;Cálculo del adeudo tributario en facilidades de pago para obligaciones tributarias ante el Servicio de Impuestos Nacionales de acuerdo a la Ley No. 2492;2018;Magister en Gestión Tributaria. Informe de Exploración Investigativa e Intervención
T-M-338;FRIAS TERAN, Milenka Karina;Informe de taller de simulación de negocios. Area: Gerencia de Marketing. Empresa: Stilvoll Jeans;2019;Magister en Gestión Estratégica de Organizaciones. Informe de Taller de Simulación
T-M-339;CAMACHO MORALES, Blanca Beatriz;Informe de taller de simulación de negocios. Area: Gerencia administrativa financiera. Empresa: Siner Jeans S.A.;2019;Magister en Gestión Estratégica de Organizaciones. Mención en Marketing. Informe de Taller de Simulación
T-M-340;BALDELOMAR DELGADILLO, Paola;Valoración económica como método de análisis de industrias de aceite FINO S.A.;2019;Magister en Finanzas Corporativas. Tesis
T-M-342;CADIMA VARGAS, Noelia Miriam;Valoración por método de flujos descontados. Empresa Nacional de Electricidad Transmisión S.A.;2019;Magister en Finanzas Corporativas. Informe de Exploración Investigativa e Intervención
T-M-341;AZURDUY RODRIGUEZ, Norah Natividad;Optimización de venta de línea de equipos de gimnasio importados, para la Empresa Tamiva Importaciones y Representaciones de la ciudad de Cochabamba;2019;Magister en Finanzas Corporativas. Informe de Exploración Investigativa e Intervención
T-M-345;BELTRAN BALLESTEROS, Henry Ramiro;Estructuración de un Departamento de Recursos Humanos para COBOCE Cemento;2019;Magister en Gestión Estratégica de Organizaciones. Mención Gestión en Recursos Humanos. Trabajo de Exploración Investigativa
T-M-344;SEJAS CHOQUE, Juan Carlos;Incidencia de la Renta Petrolera en el Desarrollo Económico y Social de Cochabamba. Período 2001 - 2015;2019;Magister en Economía y Desarrollo. Tesis
T-M-343;AVILA ABUD, Derna Andrea;Metodología para la gestión de proyectos de seguros masivos;2019;Magister en Gestión de Proyectos. Investigación
T-M-346;BARRIENTOS BALDERRAMA, Claudia Ninozka;Impacto para la Banca de la aplicación de la Ley de Servicios Financieros con relación a las tasas de interés reguladas para créditos del sector productivo;2019;Magister en Finanzas Corporativas. Investigación
T-M-347;TORRICO ANTELO, Enrique Martín;Planificación estratégica comercial para incrementar la rentabilidad y las utilidades en industrias Torrico Antelo S.R.L.;2019;Magister en Gestión Empresarial. Tesis
T-M-348;ILLANES FAJARDO, Ivette;Plan estratégico de capacitación que contribuya al cumplimiento voluntario de obligaciones tributarias;2019;Magister en Gestión Empresarial de Organizaciones. Mención: Gestión en Marketing. Investigación
T-M-349;ZAMBRANA BUSTAMANTE, Adriana;Informe de taller de simulación de negocios. Area: Gerencia de Marketing. Empresa: Siner Jeans;2019;Magister en Gestión Estratégica de Organizaciones. Mención: Gestión de Marketing. Informe de Taller de Simulación
T-M-350;PEREZ ROCHA, Morris;Impacto de la Comunicación Integral en la Empresa ASSURESOFT;2019;Maestría en Marketing. Exploración Investigativa e Intervención
T-M-351;CALLA TRUJILLO, Christian Ariel;"Desarrollo de Estrategias de Posicionamiento Caso: Producto Soya ""Empresa SOBRE LA ROCA""";2019;Maestría en Gestión Estratégica de Organizaciones. Informe de Exploración Investigativa
T-M-352;TORRICO LOZADA, Juan Javier;Modelo para la Estimación de Estructura Optima de Capital Incorporando las Imperfecciones Fiscales del Mercado Boliviano;2019;Maestría en Finanzas Corporativas. Tesis
T-M-353;BEJARANO CONDORI, Ramiro Kevin;Informe de Taller de Simulación de Negocios. Area: Gerencia de Producción. Empresa OSCARS JEANS;2019;Maestría en Gestión Empresarial. Informe de Taller de Simulación
T-M-354;CEBALLOS ACUÑA, Rommel Félix;Informe de Taller de Simulación de Negocios. Area: Gerencia de Abastecimiento y Logística . Empresa: Stilvoll Jeans S.A.;2019;Maestría en Gestión Estratégica de Organizaciones. Informe de Taller de Simulación
T-M-355;FERRUFINO GARCIA, Alexander;Propuesta de una Metodología de Gestión de Proyectos al Departamento de Infraestructura de la U.M.S.S.;2019;Maestría en Gestión de Proyectos. Trabajo de Investigación
T-M-357;ARTEGA DORADO, René;Informe de Taller de Simulación de Negocios. Area: Gerencia General. Empresa - POWER JEANS GROUP;2019;Maestría en Gestión Contable. Informe de Taller de Simulación
T-M-358;GARCIA SOTO, Angel;Informe de Taller de Simulación de Negocios. Area: Gerencia de Abastecimiento y Producción. Empresa - MERCURIOS JEANS TM;2019;Maestría en Gestión Contable. Informe de Taller de Simulación
T-M-358;GARCIA SOTO, Angel;Informe de Taller de Simulación de Negocios. Area: Gerencia de Abastecimiento y Producción. Empresa - MERCURIOS JEANS TM;2019;Maestría en Gestión Contable. Informe de Taller de Simulación
T-M-359;BENITO CHOQUE, Cristóbal;Informe de Taller de Simulación de Negocios. Area: Gerencia de Marketing y Ventas. Empresa - POWER JEANS GROUP;2019;Maestría en Gestión Contable. Informe de Taller de Simulación
T-M-360;QUISPE VARGAS, Jose Luis;Informe de Taller de Simulación de Negocios. Area: Gerencia de Abastecimiento y Logística. Empresa - MAGETEX S.R.L.;2020;Maestría en Gestión Empresarial. Informe de Taller de Simulación
T-M-361;BLANCO LOPEZ, Verónica Adriana;Propuesta de un modelo de evaluación de desempeño integral basado en competencias para el área de tráfico empresa Boliviana de Aviación;2020;Maestría en Gestión Empresarial. Informe de Exploración Investigativa e Intervención
T-M-362;ESPINOZA GARCIA, Iván;Informe de Taller de Simulación de Negocios. Area: Producción. Empresa - MAGETEX S.R.L.;2020;Maestría en Gestión Empresarial. Informe de Taller de Simulación
T-M-363;COLQUE CANO, Angel Ariel;Planificación estratégica para la empresa importadora Campero en la ciudad de Cochabamba;2020;Magister en Gestión Empresarial. Trabajo de Exploración Investigativa e Intervención
T-M-364;MENDOZA CABRERA, René Miguel;Reingenieria del proceso de banca de microcréditos en Banco Unión S.A.;2020;Magister en Finanzas Coorporativas. Trabajo de Exploración Investigativa e Intervención
T-M-365;FILIGRANA AGREDA, Celso Greusber;Propuesta de plan estratégico para la empresa de televisión;2020;Maestría en Gestión Empresarial. Informe de Exploración Investigativa e Intervención
T-M-366;MIRANDA APAZA, Mabel Daniela;Informe de Taller de Simulación de Finanzas Empresariales. Area: Gerencia de Administración y Finanzas - Fresh jeans S.R.L.;2020;Magister en Gestión Finanzas Corporativas. Informe de Taller de Simulación
T-M-367;ARANDIA ARZABE, Franco;"Política de responsabilidad social empresarial; enfocadas a la Gestión de Recursos Humanos";2020;Maestría en Gestión Estratégica de Organizaciones. Mención en Recursos Humanos. Informe de Exploración Investigativa e Intervención
T-M-368;RIVERA MOYA, Mauricio;Informe de Taller de Simulación de Negocios. Area: Geerncia de Estrategias - Siner jeans;2020;Maestría en Gestión Estratégica de Organización. Mención Recursos Humanos. Informe de Taller de Simulación
T-M-369;ZENZANO HIDALGO, Rodrigo;Proyecto de Pre - inversión para la creación de un micromercado innovador en el municipio de Tiquipaya;2020;Maestría en Gestión de Proyectos. Informe de Investigación
T-M-370;ARCIBIA RODRIGUEZ, Cristian Fausto;Trabajo Final de Informe de Taller de Simulación de negocios. Area: Gerencia de Abastecimiento y logística - Jeans Porte S.R.L.;2020;Magister en Comercio Exterior y Aduanas. Informe de Taller de Simulación de Negocios
T-M-371;PEÑALOZA GOITIA, Daniela;Trabajo Final de Informe de Taller de Simulación de negocios. Area: Gerencia de Producción - One Jeans;2020;Magister en Comercio Exterior y Aduanas. Informe de Taller de Simulación de Negocios
T-M-372;QUIROZ MATURANO, Jesús Reynaldo;Informe de Taller de Simulación de negocios. Area: Administrativa Financiera - Empresa Jeans Porte;2020;Magister en Comercio Exterior y Aduanas. Informe de Taller de Simulación de Negocios
T-M-373;VELASQUEZ SEJAS Jorge;Informe de Taller de Simulación de negocios. Area: Gerencia de Marketing y Ventas - Empresa Jeans Porte;2020;Magister en Comercio Exterior y Aduanas. Informe de Taller de Simulación de Negocios
T-M-374;TORRICO LA TAPIA, Gustavo;Propuesta de una Estructura Organizacional en el Departamento de Ingeniería de Subestaciones - ENDE Transmisión con Base al Modelo de Gestión por Procesos;2020;Maestría en Gestión Empresarial. Informe de Exploración Investigativa e Intervención
T-M-375;GAMBOA QUINTEROS, Richard Osman;Modelo de planificación Estratégica de la Empresa Santa Fé Servicios para el Desarrollo Empresarial;2020;Maestría en Gestión Empresarial. Informe de Exploración Investigativa e Intervención
T-M-376;GUZMAN BARRIONUEVO, Pablo Freddy;Valoración financiera de marca Cooperativa de Ahorro y Crédito San Antonio Ltda.;2021;Maestría en Finanzas Corporativas. Informe de Investigación
T-M-377;PATIÑO CAMACHO, Karen Estefany;Modelo de gestión administrativo financiero para franquicias de comida en Bolivia;2021;Maestría en Gestión Empresarial. Trabajo de Investigación
T-M-378;ESCALERA CASTILLO, Ademar Alexander;Informe Taller de Simulación Finanzas Empresariales. Area: Gerencia de Planificación. Empresa Billy Jeans;2021;Maestría en Finanzas Corporativas. Informe de Taller de Simulación
T-M-379;CASTRO CUBA, Alejandro;Planificación Estratégica Financiera . Caso Colegio de Abogados de Cochabamba;2021;Maestría en Finanzas Corporativas. Mención Gestión Financiera. Tesis
T-M-380;USTARIZ RIOS, Alvaro Hernan;Informe de Taller de Simulación de Negocios. Area: Gerencia General. Empresa: Hotel Altitud;2021;Magister en Estadística Aplicada a la Gestión Empresarial. Informe de Taller de Simulación
T-M-381;CORTEZ VALLEJOS, Walter;Planificación Financiera a largo plazo para SEMAPA;2017;Magister en Gestión Empresarial. Tesis
T-M-382;PIROVANO CABRERA, Giovanni;"Propuesta de modificación del parágrafo II Art. 8 de la Ley Nro. 366, Ley del Libro y la Lectura ""Oscar Alfaro"" que busque la alternativa tributaria más benigna para el rubro de la comercialización de libros de producción nacional";2021;Magister en Gestión Tributaria. Tesis
T-M-383;MARTINEZ HERRERA, Jacqueline;Análisis de propuesta para el procedimiento de determinación del Impuesto al Valor Agregado y su efecto en el Impuesto a las Transacciones provenientes de efectos de evasión de elusión;2021;Maestría en Gestión Tributaria. Tesis
T-M-384;JURADO BARRIOS, Ariel Arístide;Aplicación del modelo VEC para determinar la eficiencia tributaria: Una evidencia empírica para la economía boliviana durante el periodo 2000 - 2018;2021;Maestría en Gestión Tributaria. Tesis
T-M-385;DELGADILLO ARAMAYO, Jorge Mauricio;Sistema para Generación de Información Ejecutiva para Pequeñas Empresas Productoras de Pollo Parrillero;2021;Magister en Finanzas Corporativas. Mención Gestión Financiera. Informe de Exploración Investigativa e Intervención
T-M-386;MALDONADO CESPEDES, Raúl;Diseño de una oficina de Gestión de Proyectos (PMO) como parte de la estructura organizacional de la Dirección de Investigación Científica y Tecnológica (DICyT), para optimizar la gestión de las actividades de investigación de la UMSS;2021;Magister en Gestión de Proyectos. Informe de Exploración Investigativa e Intervención
T-M-387;ARROYO SEQUEIROS, Ana Carolina;Diseño de Herramientas Económicas Financieras para la Empresa Constructora y Consultora Arroyo Martínez (CONSCAM) de la Provincia de Quillacollo;2021;Magister en Finanzas Corporativas. Informe de Exploración Investigativa e Intervención
T-M-388;ORELLANA GONZALES, Jhimmy Sandro;Auditoría Especial para verificar el cumplimiento de la normativa técnica y legal del medio ambiente. Caso: Parque Ecológico de Qollpana de la Empresa Nacional de Electricidad - ENDE CORANI S.A.;2021;Magister en Auditoría Integral. Tesis
T-M-408;CAMPERO GUTIERREZ, Milton;Políticas de desarrollo de comercio exterior para el sector avícola de Bolivia. Caso de la producción, importación y exportación agroindustrial del sector avícola de Cochabamba 2008 - 2018;2022;Magister en Comercio Exterior y Aduanas. Tesis
T-M-409;CASTRO CAMACHO, Jenny Verónica;Impacto de las exportaciones de hidrocarburos en el Producto Interno Bruto (PIB) de Bolivia Periodo 2005 - 2020;2022;Magister en Finanzas Corporativas. Tesis
T-M-410;QUISPE CONDORI, Rodrigo Alvaro;Políticas públicas y seguridad alimentaria desde un enfoque de acceso a bienes alimentarios en municipios de pobreza extrema. El caso de las comunidades de Tapacari y Cocapata;2018;Magister en Investigación en Ciencias Sociales con la mención en Desarrollo Económico. Tesis
T-M-411;PACO ESCOBAR, Ramiro;Factibilidad de Proyectos aplicando opciones Reales en el modelo de evaluación de ENDE;2022;Magister en Gestión de Proyectos. Informe de Exploración Investigativa e Intervención
T-M-412;TORRICO MAMANI, David;Análisis y evaluación de la Cooperativa de Ahorro y Crédito Solucredit San Silvestre R.L. en proceso de conversión a Banco PYME;2022;Magister en Finanzas Corporativas. Informe de Exploración Investigativa e Intervención
T-M-413;VEIZAGA TORREZ, Alejandro Sabath;Desarrollo de un plan estratégico financiero para la empresa Puro Gusto S.R.L.;2021;Magister en Finanzas Corporativas. Informe de Exploración Investigativa e Intervención
T-M-414;TOMAS MAMANI, Samuel;Comparación de Redes Neuronales y Modelos. ARIMA para pronosticar la exportación de soya en Bolivia desde 1992 hasta 2019;2021;Magister en Estadística Aplicada a la Gestión Empresarial. Tesis
T-M-415;GUZMAN URQUIDI, Luis Carlos;Estrategias de Marketing de Servicios para Incrementar la Participación de Mercado de Fututo de Bolivia S.A. AFP en la Región de Cochabamba;2021;Magister en Gestión Estratégica de Organizaciones. Mención Marketing. Informe de Exploración Investigativa e Intervención
T-M-416;BUHEZO TAPIA, David;Viabilidad financiera de inversión. Creación de una planta de producción de cuyes en el municipio de Sacaba;2021;Magister en Gestión Empresarial. Exploración Investigativa e Intervención
T-M-417;AVILA ROJAS, Luis Fernando;Estrategias de mejoras para el canal de distribución horizontal en el Grupo Venado S.A.;2021;Magister en Gestión Empresarial. Exploración Investigativa e Intervención
T-M-418;JORDAN PARRADO, Jorge Ramiro;Balanced Scordcars para Editorial Don Bosco unidad de negocio de la Sociedad Salesiana en La Paz Bolivia;2021;Magister en Gestión Empresarial. Exploración Investigativa e Intervención
T-M-419;CRESPO FLORES, René Carlos;Clima laboral y evaluación del desempeño, una aproximación desde la econometría;2021;Magister en Gestión Estratégica de Organizaciones. Mención Recursos Humanos. Tesis
T-M-420;CHOQUE MEJIA, Nataly Miriam;Gestión Estratégica Participativa para la Empresa Constructora Montaño;2021;Magister en Gestión Empresarial. Informe de Exploración Investigativa e Intervención
T-M-421;VASQUEZ GUILLEN, Juan Gilberto;Desarrollo de un modelo econométrico en la empresa comercializadora de productos veterinarios FARMABOL en la ciudad de Cochabamba;2022;Magister en Finanzas Corporativas. Informe de Exploración Investigativa e Intervención
T-M-422;OJEDA SOLIZ, Abrahan Policarpio;Regla de correspondencia para la relación riesgo y rendimiento de portafolios de inversión eficientes;2022;Magister en Finanzas Corporativas. Tesis
T-M-423;QUINSAMOLLE VARGAS, Lizeth Beatriz;Planificación estratégica para la empresa Lima - Limón para el crecimiento empresarial en épocas de crisis;2022;Magister en Gestión Empresarial. Informe de Exploración Investigativa e Intervención
T-M-424;MORALES TORREZ, Wildor Erick;<La> Gestión Estratégica en la Formación ON - LINE Especializada: Caso Cochabamba - Bolivia;2022;Magister en Gestión Empresarial. Tesis
T-M-425;UNZUETA GARNICA, Sergio Orlando;Neuropackaging para la medición de influencia en decisiones de compra del consumidor de detergentes en polvo, empleando Eye Tracking;2022;Maestría en Gestión Estratégica de Organizaciones. Mención Marketing. Tesis
T-M-426;RAMOS CABALLERO, Elena;"Planeación estratégica y formulación de cuadro de mando integral para la empresa ""Casa de Funerales Cristo de la Concordia""";2022;Magister en Gestión Empresarial. Informe de Exploración Investigativa e Intervención
T-M-427;SALGUERO ROSADO, Bianco;<La> Economía colaborativa de la plataforma de hospedaje AIRBNB en la región metropolitana de Kanata;2022;Maestría en Gestión Estratégica de Organizaciones. Mención Marketing. Tesis
T-M-428;ROJAS SEJAS, Mikaela;Comprensión del uso de tecnología de información de la banca en línea en la ciudad de Cochabamba - Cercado;2022;Maestría en Gestión Empresarial. Tesis
T-M-429;ALDUNATE LIPA, Danitza;Efecto de la Experiencia del Cliente de la Equidad de Marca en la Banca Digital;2021;Maestría en Estadística Aplicada a la Gestión Empresarial. Tesis
T-M-430;FIGUEROA BOLIVAR, Pedro Chani;Cálculo de la deuda tributaria con aplicación del principio de retroactividad para obligaciones tributarias ante el Servicio de Impuestos Nacionales;2022;Magister en Gestión Tributaria. Informe de Exploración Investigativa e Intervención
T-M-431;CONDORI CHOQUE, Silvia;Propuesta del Proceso de Fiscalización para Determinaciones Presuntivas a Personas Naturales por la Venta de Bienes Inmuebles en Propiedad Horizontal;2021;Magister en Gestión Tributaria. Tesis
T-M-432;CUTILE ESCALANTE, Marizol;Política tributaria en la ONG Centro de Desarrollo Comunal y Municipal (CEDESCO) , del departamento de Cochabamba;2021;Magister en Gestión Tributaria. Informe de Exploración Investigativa e Intervención
T-M-433;ZURITA LOPEZ, Mayra;Diseño de un Scoring Crediticio para la Otrogación de Microcréditos para Banco Pyme de la Comunidad S.A.;2021;Magister en Gestión Empresarial. Informe de Exploración Investigativa e Intervención
T-M-434;TERCEROS SALVATIERRA, Gabriela;Análisis de resultados de la aplicación de la nueva malla curricular en el Instituto Tecnológico Sacaba;2021;Magister en Gestión de Proyectos. Informe de Exploración Investigativa e Intervención
T-M-435;TERAN SEVILLANO, Oscar Gary;Propuesta de una tecnología crediticia para disminuir la cartera en mora de créditos deñ sector productivo en la Agencia República del Banco Solidario S.A.;2021;Magister en Finanzas Corporativas. Informe de Exploración Investigativa e Intervención
T-M-436;PEREZ BERMEO, Anthony Henry;Desarrollo de estrategias de marketing para la ampliación de cobertura de servicios financieros complementarios para la empresa Transfer Andina S.R.L. en el municipio de Quillacollo - Bolivia;2021;Maestría en Gestión Estratégica de Organizaciones. Mención Marketing. Informe de Exploración Investigativa e Intervención
T-M-437;QUIROZ NOVILLO, Verónica Cecilia;Gestión estratégica comunicacional para A y V. Marketing en Cochabamba, Bolivia;2022;Magister en Gestión Empresarial. Informe de Exploración Investigativa e Intervención
T-M-438;VEIZAGA MANRIQUE, Luis Enrique;Elaboración de estrategias comerciales en el Automovil Club Boliviano filial Cochabamba;2022;Magister en Gestión Empresarial. Informe de Exploración Investigativa e Intervención
T-M-439;GUTIERREZ LOPEZ, Jhesenia Nataly;Modelo de gestión administrativo financiero para la producción y comercialización del pan de Arani en Cochabamba;2022;Magister en Finanzas Corporativas. Informe de Exploración Investigativa e Intervención
T-M-211;DE LA FUENTE MENDOZA, Giovanni Ramiro;Sistema de evaluación del desempeño para el personal administrativo de la Universidad Mayor de San Simón;2010;Magister en Gestión Universitaria
T-M-460;Mendoza Ordoñez, Claudia ;Auditoría financiera para evaluar el cumplimiento de la normativa legal al movimiento y registro del activo realizable. Caso: bienes de cambio de la empresa Comercial Chemicals Ltda.;2022;Maestría en Auditoria Integral. Informe de Exploración Investigativa e Intervención
T-M-459;Dominguez, Manuel Richard ;Desarrollo de Estrategias Sostenibles para Pequeños Productores Campesinos;2022;Maestría en Agronegocios y Comercio Agroalimentario. Informe de Exploración Investigativa e Intervención
T-M-458;Cabrera Ponce de León, Eyni ;Proceso de coaching a partir de la identificación de factores motivacionales como estrategia para optimizar el proceso de evaluación de desempeño docente en la Facultad de Ciencias Empresariales de UNIVALLE;2022;Maestría en Gestión de Recursos Humanos. Informe de Exploración Investigativa e Intervención
T-M-461;Mojica Arnéz, Jimena ;Procedimientos de planes de continuidad del negocio bajo la normativa ISO 22301:2019 en Banco Fortaleza S.A.;2022;Maestría en Gestión de Proyectos. Informe de Exploración Investigativa e Intervención
T-M-462;Atahuichi Ochoa, Efrain;Desarrollo de un modelo educativo para mejorar aspectos socioeconómicos de familias con clases virtuales en nivel inicial (Caso de estudio Unidad Educativa San Antonio de Pucara);2022;Maestría en Gestión de Proyectos. Informe de Exploración Investigativa e Intervención
T-M-463;Sánchez Quispe, René Martin ;Motivaciones y necesidades de los posgraduantes del Posgrado de la Facultad de Ciencias Económicas UMSS;2022;Maestría en Gestión de Proyectos. Tesis
T-M-466;Anguela Flores, Irma;"Análisis del impacto de la ley n° 1294 de diferimiento de pagos de créditos en los bancos múltiples y la sociedad hotelera. ""Los Tajibos""";2022;Magister en Finanzas Corporativas. Informe de Exploración Investiga  e Intervención
T-M-465;Ledezma Rojas, Ariel;"Creación de un portafolio optimo con activos de renta variable en el sector banca privada, según la cartera eficiente de Harry Markowitz; cotizados en la Bolsa Boliviana de Valores S.A.";2022;Magister en Finanzas Corporativas. Informe de Exploración Investiga  e Intervención
T-M-464;Estrada Choque, Jorge Isaac ;Modelo para la estimación de estructura optima de capital de proyectos de inversión en generación eléctrica renovable financiados mediante créditos subsidiados;2022;Magister en Finanzas Corporativas. Tesis
T-M-467;Mancilla Soria Galvarro, Alejandra Julia;Impacto de los beneficios corporativos considerando las normas tributarias en Bolivia y su incidencia en las finanzas de las ONG'S. Caso: ONG ABC International;2022;Magister en Finanzas Corporativas. Informe de Exploración Investigativa e Intervención
T-M-468;Jaimes Velásquez, Gabriela;"Impacto Económico de las Disposiciones Gubernamentales respecto al diferimiento de pagos de créditos en la Cooperativa de Ahorro y Crédito ""Hospicio"" Ltda.";2022;Magister en Finanzas Corporativas. Informe de Exploración Investigativa e Intervención
T-M-469;Alvarez Aduviri, Rocio Alejandra;Diseño de modelo de riesgo crediticio para la reducción de la mora en el segmento de microcrédito de Banco PRODEM S.A. agencia Vinto;2022;Magister en Finanzas Corporativas. Informe de Exploración Investigativa e Intervención
T-M-470;Saavedra Vargas, Lucia Griselle;Impacto de las políticas de diferimiento crediticio en la liquidez de los Bancos múltiples en Bolivia;2022;Magister en Finanzas Corporativas. Informe de Exploración Investigativa e Intervención
T-M-471;Paredes Hidalgo, Tatiana Karen;Modelo de gestión crediticia mediante balance scorecard (cuadro de mando integral) para la mejora de productividad del área mype del Banco Unión S.A.;2022;Magister en Finanzas Corporativas. Trabajo de Investigación
T-M-472;Mérida Gamboa, Ronald Wilson;Impacto del diferimiento de créditos en la solvencia de los Bancos múltiples en Bolivia;2022;Magister en Finanzas Corporativas. Informe de Exploración Investigativa e Intervención
T-M-473;Sejas Pareja, Danahí Alejandra;"Sistema de gestión de riesgo operativo para la Cooperativa ""Tukuy""";2022;Magister en Finanzas Corporativas. Informe de Exploración Investigativa e Intervención
T-M-474;Orellana Gonzales, Jhimmy Sandro;Informe de taller de simulación de finanzas empresariales área: Gerencia General empresa: Hotel Exclusive S.A.;2022;Magister en Finanzas Corporativas. Informe de Taller de Simulación de Finanzas Empresariales
T-M-475;Sánchez Sandoval, David Fernando;Tasa activa óptima de la agencia Cochabamba, para el fondeo dentro de la Cooperativa de Ahorro y Crédito Abierta CACEF R.L.;2022;Magister en Finanzas Corporativas. Informe de Exploración Investigativa e Intervención
T-M-476;Pastrana Molina, Celia Carolina;<Las> determinantes de la tasa de interés activa en la Cooperativa de Ahorro y Crédito Cristo Rey CBBA Ltda.;2022;Magister en Finanzas Corporativas. Informe de Exploración Investigativa e Intervención
T-M-477;Rocha Salazar, Gimena;Implementación de las tasas controladas para productos activos y sus efectos en el sistema financiero (Microcrédito en Bolivia);2022;Magister en Finanzas Corporativas. Informe de Exploración Investigativa e Intervención
T-M-478;Zuna Huanca, Alex;Valoración económica de la empresa Droguería INTI S.A.;2022;Magister en Finanzas Corporativas. Informe de Exploración Investigativa e Intervención
T-M-479;Ayala Sequeiros, Jose Luis;Valoración económica de la empresa Golden Seeds S.R.L.. Por el método de Flujo de Caja Descontado;2022;Magister en Finanzas Corporativas. Informe de Exploración Investigativa e Intervención
T-M-480;Camacho Castro, Masiel Lia;Valoración financiera para la empresa de Telecomunicaciones TIGO Bolivia;2022;Magister en Finanzas Corporativas. Informe de Exploración Investigativa e Intervención
T-M-481;Liendro Ventura, Lurdes;Manual de control interno tributario para el cumplimiento de la normativa del Impuesto al Valor Agregado para la empresa Para Ti S.A.;2022;Magister en Gestión Tributaria. Tesis
T-M-483;Coa Zerna, Karina;Diseño manual de control interno tributario para la empresa TSK Electronica y Electricdad SA. - sucursal Bolivia;2022;Magister en Gestión Tributaria. Informe de Exploración Investigativa e Intervención
T-M-482;Tarifa Palacios, Lis Leidy;Estructura fundamentadora de defensa para los contribuyentes aplicable a los procesos tributarios;2022;Magister en Gestión Tributaria. Informe de Exploración Investigativa e Intervención
T-M-484;Funes Meza, Shirley Betzabé;<La> evasión del impuesto municipal a las transferencias de vehículos automotores en la venta de vehículos usados en el Gobierno Autónomo Municipal de Cochabamba;2022;Magister en Gestión Tributaria. Informe de Exploración Investigativa e Intervención
T-M-485;Soliz Gandarillas, Vanesa Elizabeth;Modelo de seguimiento al cumplimiento de las obligaciones tributarias de CIDRE IFD para la unidad de auditoría interna;2022;Magister en Gestión Tributaria. Informe de Exploración Investigativa e Intervención
T-M-486;Tapia Colque, Verónica;Efecto tributario de los servicios digitales pagados en Bolivia;2022;Magister en Gestión Tributaria. Informe de Exploración Investigativa e Intervención
T-M-487;Alvarez Flores, Nelvi Mariel;Impuesto verde a la producción de botellas plásticas no retornables, Bolivia, gestión 2021;2022;Magister en Gestión Tributaria. Informe de Exploración Investigativa e Intervención
T-M-488;Siácara Gil, Samantha;Propuesta de un convenio intergubernativo para reducir la evasión fiscal del sector de la construcción en Bolivia;2022;Magister en Gestión Tributaria. Informe de Exploración Investigativa e Intervención
T-M-489;Martínez Arias, Alejandra Emily ;Devolución del impuesto al Valor Agregado a turistas extranjeros por compra de productos nacionales;2022;Magister en Gestión Tributaria. Informe de Exploración Investigativa e Intervención
T-M-490;Arispe Terrazas, Dina Elizabeth;Incentivo tributario como medida de atracción de inversión privada para el parque industrial Santiváñez Cochabamba;2022;Magister en Gestión Tributaria. Informe de Exploración Investigativa e Intervención
T-M-491;Callahuara Medrano, Marianela;Incentivo tributario. Para profesionales liberales y oficios al autoempleo formal en Bolivia, gestión 2021;2022;Magister en Gestión Tributaria. Informe de Exploración Investigativa e Intervención
T-M-492;Campos Chamani, Lourdes Olivia;Incentivo tributario para reforestación en la ciudad de Cochabamba, gestión 2021;2022;Magister en Gestión Tributaria. Informe de Exploración Investigativa e Intervención
T-M-494;Miranda Aspiazu Eduardo;Criterios de riesgo de selectividad para lograr asertividad en la distribusión de canales de reducir los tiempos de despacho;2022;Magister en Comercio Exterior y Aduanas. Informe de Exploración Investigativa e Intervención
T-M-493;Maldonado Torrico Claudia Alejandra;Manual de procesos y procedimeintos como operador económico autorizado OEA en la Agencia Despachante de Aduana W.L. Obando Ltda. en Cochabamba;2022;Magister en Comercio Exterior y Aduanas. Informe de Exploración Investigativa e Intervención
T-M-495;Pérez Fernández Jimmy;Evaluación del impacto tributario, que genera la adjudicación de mercancías al Ministerio de la Presidencia;2022;Magister en Comercio Exterior y Aduanas. Informe de Exploración Investigativa e Intervención
T-M-496;Tapia Guzmán Zobeida Mónica;Modelo de gestión de seguridad de la cadena logística para la empresa Importadora CORMEX S.R.L.;2022;Magister en Comercio Exterior y Aduanas. Informe de Exploración Investigativa e Intervención
T-M-497;Veliz Sejas Aniceto Walter;Nuevo régimen aduanero de transformación de mercancías para consumo aplicado a la confección  de prendas de vestir en Bolivia;2022;Magister en Comercio Exterior y Aduanas. Informe de Exploración Investigativa e Intervención
T-M-498;García Gamboa Norma Dalsy;Metodología general para la interconexión de los sistemas eléctricos de Bolivia y el norte argentino. Caso línea de transmisión en 132 kv Yaguacua Tartagal;2022;Magister en Comercio Exterior y Aduanas. Informe de Exploración Investigativa e Intervención
T-M-499;López Alvarez Irka Julieta;Procedimientos de importaciones de repuestos de camiones de aseo urbano para la empresa Vega Solvi S.A. en Santa Cruz de la Sierra Bolivia;2022;Magister en Comercio Exterior y Aduanas. Informe de Exploración Investigativa e Intervención
T-M-500;Zubieta Arellano, Luis fernando;Efectos por la pandemia por COVID - 19 de los productos que tradicionamnete se importan de la República de China Bolivia 2020 - 2021;2022;Magister en Comercio Exterior y Aduanas. Informe de Exploración Investigativa e Intervención
T-M-501;Sánchez Castellón, Shirley;Lineamientos normativos para impulsar la exportación de servicios de software en Bolivia;2022;Magister en Comercio Exterior y Aduanas. Informe de Exploración Investigativa e Intervención
T-M-502;Grageda Maldonado, Marcelo;Exportación de telas de fibra de alpaca a Japón;2022;Magister en Comercio Exterior y Aduanas. Informe de Exploración Investigativa e Intervención
T-M-504;Victoria Antezana, Edson Rodrigo;Modelo econométrico para medir los factores generadores de riesgo crediticio en el sistema financiero de Bolivia;2022;Magister en Estadística Aplicada a la Gestión Empresarial. Informe de Exploración Investigativa e Intervención
T-M-505;Merlo Zuazo, Carlos Fernando;Determinación de cartera eficiente de inversión en sectores económicos;2022;Magister en Estadística Aplicada a la Gestión Empresarial. Tesis
T-M-506;Yapu Mamani, Wilson;Transmisión de la volatilidad del precio internacional del café al mercado boliviano;2022;Magister en Estadística Aplicada a la Gestión Empresarial. Tesis
T-M-507;Vargas Triveño, Mónica Ximena;Factores socio demográficos que inciden en la decisión de deserción estudiantil para la gestión empresarial dela Universidad Unifranz;2022;Magister en Estadística Aplicada a la Gestión Empresarial. Informe de Exploración Investigativa e Intervención
T-M-508;Rocha Lafuente, Cecilia;Factores determinantes de la decisión de ahorro en sector financiero: Modelo lofíatico binomial y multinomial;2022;Magister en Estadística Aplicada a la Gestión Empresarial. Tesis
T-M-509;Rios Echenique Erick Orlando;Evaluación de los factores técnicos, económicos y financieros en la proyección de escenarios de logro de rentabilidad sostenible en el upstream boliviano;2022;Magister en Estadística Aplicada a la Gestión Empresarial. Informe de Exploración Investigativa e Intervención
T-M-510;Camacho Rodriguez, Javier Omar;Diseño de un modelo estadístico de gestión de riesgos, para la elaboración de presupuestos en unidades educativas privadas;2022;Magister en Estadística Aplicada a la Gestión Empresarial. Informe de Exploración Investigativa e Intervención
T-M-511;Gomez Vargas, Nelson Emilio;Análisis del impacto económico por el aprovechamiento de la actividad forestal en las comunidades indígenas del Cosejo Ciri;2022;Magister en Estadística Aplicada a la Gestión Empresarial. Informe de Exploración Investigativa e Intervención
T-M-512;Coca Zapata, Ruth Daysi;Modelo Económetrico para la estimación de la oferta óptima de pollo parrillero en Bolivia;2022;Magister en Estadística Aplicada a la Gestión Empresarial. Tesis
T-M-513;Mariscal Sempertegui, Franz;Modelo estadístico para pronosticar las ventas mensuales en la Empresa AMC Importaciones y Servicios;2022;Magister en Estadística Aplicada a la Gestión Empresarial. Tesis
T-M-514;Kippes Duran, Andrea Faviola;Estrategias de marketing para fortalecer y reactivar la oferta del servicion de vuelos comerciales en un entorno post confinamiento ante la pandemia Covid 19 en el mercado nacional de la Empresa Boliviana de Aviación;2022;Magister en Gestión Empresarial. Informe de Exploración Investigativa e Intervención
T-M-515;Ordoñez Rodriguez, Giovani Marcelo;Modelo de gestión estratégica para microempresas del sector manufacturero de materia prima de colchones;2022;Magister en Gestión Empresarial. Informe de Exploración Investigativa e Intervención
T-M-516;Cardoso Montaño, Thiago;Determinantes de la preferencia del sector privado al financiamiento bancario respecto a la emisión de títulos de renta fija o variable a través  de la Bolsa Boliviana de Valores;2022;Magister en Gestión Empresarial. Informe de Exploración Investigativa e Intervención
T-M-517;Virreira Ruiz, María Andrea;Estrategias de marketing digital plara la empresa Motoespacio S.R.L. de la ciudad de Cochabamba;2022;Magister en Gestión Empresarial. Informe de Exploración Investigativa e Intervención
T-M-518;Arandia Morato, Gardenia Yamaly;Endomarketing: Estrategia para el rendimiento y fidelización del cliente interno de la Promotora EFV;2022;Magister en Gestión Empresarial. Informe de Exploración Investigativa e Intervención
T-M-519;Fernández Daza, Virginia;Plan estrategico empresarial para la Unidad Productiva Tiquipaya Wasi;2022;Magister en Gestión Empresarial. Informe de Exploración Investigativa e Intervención
T-M-520;Cossio Espiniza, Marcelo Andrés;Análisis de la factibilidad de implementación de un sistema ERP para la optimización de procesos empresariales. Caso: Operadora Comercial Crex S.R.L.;2022;Magister en Gestión Empresarial. Informe de Exploración Investigativa e Intervención
T-M-521;Beltran Mercado, Paola Karen;"Gestión estratégica para la Escuela Superior de Administración de Empresas ""ESAE"" en la ciudad de Cochabamba";2022;Magister en Gestión Empresarial. Informe de Exploración Investigativa e Intervención
T-M-522;Gonzales Olmos, Dante Alvaro;Modelo de gestión empresarial para coadyuvar en al toma de decisiones en la empresa Soluciones Educacionales y Servicios;2022;Magister en Gestión Empresarial. Informe de Exploración Investigativa e Intervención
T-M-523;Gutiérrez Perez, Edwin Rolando;Modelo de gestión financiera para la industria del software;2022;Magister en Gestión Empresarial. Informe de Exploración Investigativa e Intervención
T-M-524;Gonzales Andia, Mary Liz;Factores del servicio que influyen en la satisfacción de las agencias distribuidoras de cerámica para su fidelización a la empresa cerámica COBOCE de la ciudad de Cochabamba;2022;Magister en Gestión Empresarial. Informe de Exploración Investigativa e Intervención
T-M-525;Chavez Moscoso, Luis Erik;"Estrategias de marketing para la aplicación movil ""A la orden"" de Pil Andina en la ciudad de Cochabamba";2022;Magister en Gestión Empresarial. Informe de Exploración Investigativa e Intervención
T-M-526;Alvarez Orellana, Zoraina Fabiola;E commerce para la comercialización de calzados Buble Gummers de la empresa Manaco S.A.;2022;Magister en Gestión Empresarial. Informe de Exploración Investigativa e Intervención
T-M-527;Mallcu Lupe, Alex Yasmani;Modelo de gestión administrativa para organizaciones de pacientes en salud de hemofilia;2022;Magister en Gestión Empresarial. Informe de Exploración Investigativa e Intervención
T-M-528;Herbas Montaño, Lizbeth;Sistema de calidad en atención al cliente en Banco Unión S.A. regional Cochabamba;2022;Magister en Gestión Empresarial. Informe de Exploración Investigativa e Intervención
T-M-529;López Fuentes, Ronald Vladimir;Interacción social y régimen competencial en materia de desarrollo rural integral en la Universidad Mayor de San Simón;2022;Magister en Gestión de Proyectos. Informe de Exploración Investigativa e Intervención
T-M-530;Mojica Arnez, Jimena;Procedimientos de planes de continuidad del negocio bajo la normativa ISO 22301:201 en Banco Fortaleza S.A.;2022;Magister en Gestión de Proyectos. Informe de Exploración Investigativa e Intervención
T-M-531;Cabrera Mamani, Emma Rocio;Incidencia del clima organizacional en el desempeño laboral de los trabajadores administrativos del Gobierno Municipal de Tiquipaya;2022;Magister en Gestión Empresarial. Tesis
T-M-532;Olivera Tapia, Juan Carlos;Participación y crecimiento de mercado a partir de las variaciones del delta patrimonio, en Bancos de microcréditos de la ciudad de Cochabamba;2022;Magister en Gestión Estratégica de Organización. Mención: Marketing. Tesis
T-M-533;Camacho Castro, Lia Masiel;Valoración financiera para la empresa de telecomunicaciones TIGO Bolivia;2022;Magister en Finanzas Corporativas. Informe de Exploración Investigativa e Intervención
T-M-534;Estrada Choque, Jorge Isaac;Modelo para la estimación de estructura óptima de capital de proyectos de inversión en generación eléctrica renovable financiados mediante créditos subsidiados;2022;Magister en Finanzas Corporativas. Tesis
T-M-535;Tapia Colque, Verónica;Efecto tributario de los servicios digitales pagados en Bolivia;2022;Magister en Gestión Tributaria. Informe de Exploración Investigativa e Intervención
T-M-555;Jaimes Luizaga, James Erick;Informe de simulación de negocios. Area: Gerencia de mercadotecnia. Empresa A Montecarlo;2023;Magister en Finanzas Corporativas. Informe de Simulación de Negocios
T-M-562;Marzana Sanizo, Constantina;Propuesta de Manual de Control Interno Tributario para comerciantes no empadronados en el SIN rubro Venta de Repuestos para Vehículos Automotores en al Av. Aroma;2023;Magister en Gestión Tributaria. Informe de Tesis
T-M-563;Santivañez Soruco, Jose Alejandro;El impacto de las Criptomonedas en el PIB de las Economías Emergentes;2023;Magister en Gestión Estratégica de Organizaciones. Mención: Marketing. Informe de Tesis
T-M-564;Romero Frias, Rodrigo Iver;Endomarketing y comportamiento organizacional en empresas de software de Cochabamba Bolivia , 2021;2023;Magister en Gestión Estratégica de Organizaciones. Mención: Marketing. Informe de Tesis
T-M-565;Nina Laura, Alvaro Jesus;Análisis del uso de las aplicaciones móviles en al banca digital como herramienta de preferencia de los usuarios en la ciudad de Cochabamba;2023;Magister en Gestión Estratégica de Organizaciones. Mención: Marketing. Informe de Tesis
T-M-566;Cortez Romero, Marianela;Marketing digital para el Posgrado de la Facultad de Ciencias Económicas UMSS;2023;Magister en Gestión Estratégica de Organizaciones. Mención: Marketing. Informe de Exploración Investigativa e Intervención
T-M-567;Rodriguez Saucedo, Claudia Andrea;Comparación de flujo de caja descontado y método EVA para valorar una empresa boliviana;2023;Magister en Finanzas Corporativas. Informe de Tesis
T-M-568;Mercado Fernández, Jaime Antonio;Planificación estratégica financiera. Empresa Health Supplies S.R.L.;2023;Magister en Finanzas Corporativas. Mención: Gestión Financiera. Informe de Exploración Investigativa e Intervención
T-M-569;Rocha Márquez, Raisa Aleida;Comparación de la rentabilidad entre la implementación de un huerto orgánico e hidropónico frente al atemperado de las pliscinas con gas y paneles solares en la empresa Estancia Rayos mediante el método de Arbol de Decisiones;2023;Magister en Gestión de Proyectos. Informe de Exploración Investigativa e Intervención
T-M-570;Gutiérrez Torrez, Junior Oscar;Metodología para gestión de proyectos de inversión pública en la UMSS mediante el modelo de madurez y los estándares del PMBOK (Project Management Body Of Knowledge);2023;Magister en Gestión de Proyectos. Informe de Exploración Investigativa e Intervención
